"source_filename","identified_title","category_for_review","existing_project_slug","credit_status","year_to_confirm","language_to_confirm","exact_contribution_to_confirm","notes"
"777.jpg","777 Charlie","Film","","Client-supplied artwork; contribution unverified","","","",""
"AE DIL HAI MUSHKIL.jpeg","Ae Dil Hai Mushkil","Film","ae-dil-hai-mushkil","Existing website entry; role still requires evidence","","","",""
"AGNAYATHAVASI.jpg","Agnyathavasi — identity to confirm","Film","","Client-supplied artwork; contribution unverified","","","","Kannada poster; do not confuse with the Telugu film Agnyaathavaasi."
"ALAPUZHA GYMKNAHA.jpeg","Alappuzha Gymkhana","Film","","Client-supplied artwork; contribution unverified","","","",""
"AMBILI.jpg","Ambili","Film","","Client-supplied artwork; contribution unverified","","","",""
"ARJUN CHAKRAVARTHI.jpg","Arjun Chakravarthy","Film","","Client-supplied artwork; contribution unverified","","","",""
"ATHIDADI.jpg","Athiradi","Film","","Client-supplied artwork; contribution unverified","","","","Poster spelling differs from filename."
"Achyuta Avataaram.jpg","Achyuta Avataaram","Music release","","Client-supplied artwork; contribution unverified","","","","Poster identifies a music release; confirm the exact format."
"BAADAL AMBUM.jpeg","Baadal","Music release","","Client-supplied artwork; contribution unverified","","","",""
"BAD MANNAERS.jpg","Bad Manners","Film","","Client-supplied artwork; contribution unverified","","","",""
"BERMUDA.jpg","Bermuda","Film","","Client-supplied artwork; contribution unverified","","","",""
"BHEEMA.jpg","Bheema","Film","","Client-supplied artwork; contribution unverified","","","",""
"BHEEMANTE.jpg","Bheemante Vazhi","Film","","Client-supplied artwork; contribution unverified","","","",""
"BKU POS.jpg.jpeg","Bethlehem Kudumba Unit","Film","bethlehem-kudumba-unit","Existing website entry; role still requires evidence","","","",""
"DANGE.jpg","Dange","Film","","Client-supplied artwork; contribution unverified","","","","Confirm the language/version credit separately from Por."
"EKka 2.jpg","Ekka","Film","","Client-supplied artwork; contribution unverified","","","","The filename suffix 2 does not establish a sequel."
"FIRE fly.jpg","Firefly","Film","","Client-supplied artwork; contribution unverified","","","",""
"GEEJAGA hakki.jpg","Geejaga Hakki","Music release","","Client-supplied artwork; contribution unverified","","","","Song artwork; confirm parent film or standalone release."
"GODHI BANNA.jpg","Godhi Banna Sadharana Mykattu","Film","godhi-banna-sadharana-mykattu","Existing website entry; role still requires evidence","","","",""
"HEAD BUSH.jpg","Head Bush","Film","","Client-supplied artwork; contribution unverified","","","",""
"HI.jpg","Hi","Film","hi","Existing website entry; role still requires evidence","","","","Confirm release year; existing site value is not independently verified."
"IMG-20250531-WA00251.jpg","Title to confirm","Unidentified","","Client-supplied artwork; contribution unverified","","","","Kannada teaser poster; identify from original title/production details, not the WhatsApp filename."
"JAMES.jpg","James","Film","","Client-supplied artwork; contribution unverified","","","",""
"JUST MARRIED.jpg","Just Married","Film","","Client-supplied artwork; contribution unverified","","","","Confirm the Kannada production/version."
"KABALI.webp","Kabali","Film","kabali","Existing website entry; role still requires evidence","","","",""
"KALA.jpeg","Kaala","Film","","Client-supplied artwork; contribution unverified","","","","Rajinikanth poster: not the Malayalam film Kala."
"KAMBI KATTNA KATHAI.jpg","Kambi Katna Kathai","Film","","Client-supplied artwork; contribution unverified","","","","Confirm official English spelling."
"KASARGOLD.jpg","Kasargold","Film","","Client-supplied artwork; contribution unverified","","","",""
"KATTU THOTTAPPOL.jpg","Kaattu Thottappol — Live","Music release","","Client-supplied artwork; contribution unverified","","","",""
"KAVALUDAARI.jpg","Kavaludaari","Film","kavaludaari","Existing website entry; role still requires evidence","","","",""
"KUIKO.jpg","Kuiko","Film","","Client-supplied artwork; contribution unverified","","","",""
"LAUGHING BUDDHA.jpg","Laughing Buddha","Film","","Client-supplied artwork; contribution unverified","","","",""
"LOVELY .avif","Lovely","Film","","Client-supplied artwork; contribution unverified","","","",""
"MAARNAMI.jpg","Maarnami","Film","","Client-supplied artwork; contribution unverified","","","",""
"MAHA GANAPATHI ALBUM.jpeg","Maha Ganapathim","Music release","","Client-supplied artwork; contribution unverified","","","","Use poster spelling; confirm release format."
"MAKAL.jpg","Makal","Film","","Client-supplied artwork; contribution unverified","","","",""
"MANGO PACHA.jpg","Mango Pachcha","Film","","Client-supplied artwork; contribution unverified","","","","Confirm official transliteration."
"MODHA RATHIRI.jpg","Modha Rathiri","Music release","","Client-supplied artwork; contribution unverified","","","","Confirm parent film or standalone release."
"NALLA PERAI VAANGA VENDUM PILLAIGALE.jpg","Nalla Perai Vaanga Vendum Pillaigale","Film","","Client-supplied artwork; contribution unverified","","","",""
"NAYATU.jpg","Nayattu","Film","nayattu","Existing website entry; role still requires evidence","","","",""
"PANI.jpg","Pani","Film","","Client-supplied artwork; contribution unverified","","","",""
"POR copy.tiff","Por","Film","","Client-supplied artwork; contribution unverified","","","","Decoded and visually identified; WebP thumbnail and preview prepared for homepage."
"PRAVINKOODU SHAPPU.jpg","Pravinkoodu Shappu","Film","","Client-supplied artwork; contribution unverified","","","",""
"PREMALU.webp","Premalu","Film","premalu","Existing website entry; role still requires evidence","","","","Official Bhavana Studios jukebox credits support song mixing/mastering; see research notes."
"PUSHPAKA VIMANAM.jpg","Pushpaka Vimanam","Film","","Client-supplied artwork; contribution unverified","","","","Malayalam artwork; distinguish from films with the same name."
"Pa pandi.webp","Power Paandi / Pa. Paandi","Film","power-paandi","Existing website entry; role still requires evidence","","","",""
"RAAWADI.jpeg","Raawadi","Film","","Client-supplied artwork; contribution unverified","","","","Confirm whether this artwork represents a film, song or regional release."
"SALAGA.jpg","Salaga","Film","salaga","Existing website entry; role still requires evidence","","","","Promotional poster carries March 2020; do not use that as the final release year."
"SAPTA SAGARADAACHE ELLO A.jpg","Sapta Saagaradaache Ello — Side A","Film","","Client-supplied artwork; contribution unverified","","","","Supplied poster appears to promote a dubbed version; confirm credited language."
"SAPTA SAGARADAACHE ELLO B.jpg","Sapta Saagaradaache Ello — Side B","Film","","Client-supplied artwork; contribution unverified","","","","Keep Side A and Side B as separate projects."
"SM.jpg","Sulaikha Manzil","Film","","Client-supplied artwork; contribution unverified","","","",""
"SOMU SOUND ENIGNEER.jpg","Somu Sound Engineer","Film","","Client-supplied artwork; contribution unverified","","","",""
"Soodhu-Kavvum.jpg","Soodhu Kavvum — version to confirm","Film","","Client-supplied artwork; contribution unverified","","","","Artwork appears to be the sequel; confirm before associating with the 2013 film."
"TAGARU.jpg","Tagaru","Film","tagaru","Existing website entry; role still requires evidence","","","",""
"THALLUMALA.jpg","Thallumaala","Film","thallumaala","Existing website entry; role still requires evidence","","","",""
"TTT.jpg","Thalaivar Thambi Thalaimaiyil","Film","","Client-supplied artwork; contribution unverified","","","",""
"VEERA.jpg","Veera","Film","","Client-supplied artwork; contribution unverified","","","","Confirm release version/year."
"VIKRAM VEDHA.jpg","Vikram Vedha","Film","vikram-vedha","Existing website entry; role still requires evidence","","","","Tamil artwork. Exact engineering scope needs confirmation."
"Veeranjaneyulu Vihara Yatra.jpg","Veeranjaneyulu Vihara Yatra","Film","","Client-supplied artwork; contribution unverified","","","",""
